Fold,RMSE
1,447.7248604601691
2,427.1007360324813
3,426.68528907164176
4,397.04435041675515
5,412.03526913551883
