param_model__max_depth,0.05,0.1
3,445.42074406570885,440.8526526245488
5,426.92916785784575,427.124667383663
