Comparison,t_statistic,p_value
GBR vs RF,-0.9966847994733087,0.37532662523692456
GBR vs SVR,-30.639561434077713,6.759946431831771e-06
RF vs SVR,-34.09429431278427,4.415071871439566e-06
